iso3,country,ai_food_papers_full_count,ai_food_papers_fractional_count,n_unique_papers,first_year,last_year,region,income_group,population,gdp_current_usd,rd_expenditure_pct_gdp,food_system_need_index_main_min4,food_system_need_index_strict_all5,need_food_security_score,need_nutrition_score,need_food_waste_score,need_sustainability_score,need_supply_vulnerability_score,ai_food_papers_per_million_population_full,ai_food_papers_per_million_population_fractional,ai_food_papers_per_billion_gdp_full,ai_food_papers_per_billion_gdp_fractional
CHN,China,25837.0,22317.488270689577,25837,2010,2025,East Asia & Pacific,Upper middle income,1408975000.0,18743803170827.2,2.57729,0.2477858584581972,0.2477858584581972,0.1893491124260355,0.1481856154549014,0.241860465116279,0.4528301886792453,0.2067039106145251,18.337443886513245,15.839520410716709,1.378428900715978,1.1906595511749958
USA,United States,14094.0,10283.24701739523,14094,2010,2025,North America,High income,340110988.0,29184890000000.0,3.44716,0.3650218942736569,0.3650218942736569,0.1893491124260355,0.538229343427751,0.213953488372093,0.7830188679245284,0.1005586592178771,41.439413889209604,30.23497440604662,0.482921128022069,0.3523483219362906
IND,India,6932.0,5812.491361634581,6932,2010,2025,South Asia,Lower middle income,1450935791.0,3912686168582.21,0.64558,0.3038231619514842,0.3038231619514842,0.7100591715976331,0.4596168907453334,0.0790697674418604,0.1698113207547169,0.1005586592178771,4.777606316556843,4.00602934856859,1.771672886944536,1.4855501083391973
GBR,United Kingdom,4106.0,2181.6282382057225,4106,2010,2025,Europe & Central Asia,High income,69226000.0,3643834188782.91,2.67614,0.3454632013860026,0.3454632013860026,0.1893491124260355,0.4547709176347735,0.241860465116279,0.5424528301886793,0.2988826815642458,59.312974893826016,31.51457888951727,1.1268350279603307,0.5987177585965886
ITA,Italy,3083.0,2089.387675582072,3083,2010,2025,Europe & Central Asia,High income,58952704.0,2372774547793.12,1.37935,0.531304858486189,0.531304858486189,0.1893491124260355,0.449468085106383,0.8976744186046511,0.6367924528301887,0.4832402234636871,52.296159307637524,35.44176151075398,1.2993227708327575,0.8805672993775908
ESP,Spain,2956.0,1961.5996444465407,2956,2010,2025,Europe & Central Asia,High income,48848840.0,1722745978335.16,1.49362,0.4035755072924646,0.4035755072924646,0.1893491124260355,0.6808510638297872,0.1209302325581395,0.5518867924528302,0.4748603351955307,60.51320768313025,40.156524585774,1.7158652739138252,1.1386470606317747
DEU,Germany,3145.0,1898.3579937443017,3145,2010,2025,Europe & Central Asia,High income,83516593.0,4659929336890.62,3.1539,0.2970906211883384,0.2970906211883384,0.1893491124260355,0.3220043075316538,0.2697674418604651,0.6037735849056604,0.1005586592178771,37.65718747650542,22.730309337981513,0.6749029379270651,0.4073791374293667
KOR,"Korea, Rep.",2449.0,1888.5404469060352,2449,2010,2025,East Asia & Pacific,High income,51751065.0,17127928542023.7,4.94352,0.4662510103208198,0.4662510103208198,0.1893491124260355,0.0300711395379193,0.813953488372093,0.5660377358490566,0.7318435754189944,47.32269761018445,36.49278419499261,0.1429828478085562,0.11026087844028921
BRA,Brazil,2201.0,1712.6042626224823,2201,2010,2025,Latin America & Caribbean,Upper middle income,211998573.0,2179412080828.59,1.1938,0.4905479103455549,0.4905479103455549,0.1893491124260355,0.4478690771439759,0.8093023255813954,0.9056603773584906,0.1005586592178771,10.382145355289726,8.078376370120578,1.0099053865771004,0.7858102089492722
JPN,Japan,2147.0,1651.0972914941956,2147,2010,2025,East Asia & Pacific,High income,123975371.0,4026210821146.81,3.44125,0.3159997638187164,,,0.1489851194361049,0.0976744186046511,0.330188679245283,0.6871508379888268,17.317955838180147,13.317945961171558,0.5332557323435082,0.4100871426856638
CAN,Canada,2527.0,1562.488473602421,2527,2010,2025,North America,High income,41288599.0,2241253230970.34,1.7908,0.4746718720306487,0.4746718720306487,0.1893491124260355,0.8776595744680851,0.2906976744186046,0.9150943396226416,0.1005586592178771,61.20333605894451,37.84309740329094,1.1274941916786205,0.6971494572819641
AUS,Australia,2693.0,1561.4722755735836,2693,2010,2025,East Asia & Pacific,High income,27196812.0,1752193307380.34,1.85783,0.5018144711056809,0.5018144711056809,0.1893491124260355,0.4714462863855894,0.827906976744186,0.9198113207547168,0.1005586592178771,99.01895854558248,57.41379818978723,1.5369308789486453,0.891152973245915
IRN,"Iran, Islamic Rep.",1995.0,1526.619900829305,1995,2010,2025,Middle East & North Africa,Upper middle income,91567738.0,436906331671.859,0.72665,0.5428672403325624,0.5428672403325624,0.5710059171597633,0.4660047643910717,0.7976744186046512,0.410377358490566,0.4692737430167598,21.787149530765955,16.67202809825121,4.566196128048692,3.494158335924235
FRA,France,2107.0,1234.0915933473132,2107,2010,2025,Europe & Central Asia,High income,68551653.0,3162079073495.78,2.17832,0.3353791624622489,0.3353791624622489,0.1893491124260355,0.5585106382978723,0.1209302325581395,0.7075471698113207,0.1005586592178771,30.7359473884605,18.00236083799924,0.6663337478371925,0.3902785365778299
TUR,Türkiye,1568.0,1225.4456998556998,1568,2010,2025,Europe & Central Asia,Upper middle income,85518661.0,1323254808058.74,1.42224,0.4766598320832694,0.4766598320832694,0.1893491124260355,0.5575479702388721,0.872093023255814,0.490566037735849,0.2737430167597765,18.33517949959483,14.32957071037045,1.1849569640334876,0.92608444903629
POL,Poland,1156.0,865.3584952302599,1156,2010,2025,Europe & Central Asia,High income,36559233.0,914696430325.391,1.55525,0.3105950301838496,0.3105950301838496,0.1893491124260355,0.3352042814254014,0.0976744186046511,0.8301886792452831,0.1005586592178771,31.61991937850556,23.670039664953034,1.263807271652704,0.9460608640643982
NLD,Netherlands,1484.0,808.737222951627,1484,2010,2025,Europe & Central Asia,High income,17993485.0,1227543925316.41,2.26719,0.4242119646078045,0.4242119646078045,0.1893491124260355,0.2734140451638167,0.0837209302325581,0.7924528301886793,0.7821229050279329,82.47429555753097,44.9461137156936,1.2089180430895672,0.6588254858115713
SAU,Saudi Arabia,1582.0,761.1452602952603,1582,2010,2025,Middle East & North Africa,High income,35300280.0,1237529866666.67,0.63522,0.6344866078970555,0.6344866078970555,0.1893491124260355,0.6789257277117869,0.8906976744186047,0.5754716981132075,0.8379888268156425,44.81550854554128,21.56201764675125,1.2783529857434248,0.6150520329221886
MYS,Malaysia,1139.0,725.4779573041337,1139,2010,2025,East Asia & Pacific,Upper middle income,35557673.0,421972102253.57,1.0121,0.5049635609974047,0.5049635609974047,0.1893491124260355,0.5022190314580341,0.3162790697674418,0.8018867924528302,0.7150837988826816,32.03246736646687,20.402852495553734,2.6992305745263607,1.719255736172298
IDN,Indonesia,899.0,699.5780122655123,899,2010,2025,East Asia & Pacific,Upper middle income,283487931.0,1396300098190.97,0.28068,0.4143394428482898,0.4143394428482898,0.5532544378698225,0.416084714789192,0.0674418604651162,0.75,0.2849162011173184,3.1712108407182953,2.4677523653220788,0.6438444007593596,0.5010226764088016
TWN,TWN,844.0,618.7714303670186,844,2010,2025,,,,,,,,,,,,,,,,
PAK,Pakistan,1077.0,538.9216741591741,1077,2010,2025,Middle East & North Africa,Lower middle income,251269164.0,373071855731.539,0.16399,0.5341347979408381,0.5341347979408381,0.7899408284023669,0.5813372927816212,0.9488372093023256,0.25,0.1005586592178771,4.2862402328046905,2.1447982935111534,2.8868433344781836,1.4445519432239884
MEX,Mexico,745.0,523.9363441082481,745,2010,2025,Latin America & Caribbean,Upper middle income,130861007.0,1852722885258.11,0.25372,0.5910537052700799,0.5910537052700799,0.378698224852071,0.6547774441978854,0.8906976744186047,0.5283018867924528,0.5027932960893855,5.6930633278712275,4.003762129908171,0.4021108639224323,0.2827926120399039
GRC,Greece,730.0,499.1659810940693,730,2010,2025,Europe & Central Asia,High income,10405134.0,257144811301.673,1.4943,0.4138564605499847,0.4138564605499847,0.1893491124260355,0.3904353217595614,0.4302325581395348,0.6179245283018868,0.441340782122905,70.1576740866576,47.97304687225261,2.838867314898259,1.9411862855302409
THA,Thailand,722.0,497.5722555497478,722,2010,2025,East Asia & Pacific,Upper middle income,71668011.0,526411265427.683,0.93628,0.4068491318351259,0.4068491318351259,0.4615384615384615,0.3551674063438194,0.4,0.7169811320754716,0.1005586592178771,10.074229630846041,6.94273844923292,1.3715511946983332,0.9452158193185609
EGY,"Egypt, Arab Rep.",901.0,490.01830114330113,901,2010,2025,Middle East & North Africa,Lower middle income,116538258.0,389059911003.566,1.01757,0.6031993217242729,0.6031993217242729,0.650887573964497,0.6921093851977549,0.9813953488372092,0.1273584905660377,0.5642458100558659,7.7313666384132835,4.204784845362123,2.3158387038024633,1.2594931713198532
CHE,Switzerland,925.0,451.6196721527526,925,2010,2025,Europe & Central Asia,High income,9005582.0,936564198048.516,3.22178,0.5318276079951788,0.5318276079951788,0.1893491124260355,0.425531914893617,0.9302325581395348,0.5330188679245284,0.5810055865921788,102.71407222764725,50.1488601350532,0.987652530309602,0.48220898588028
BEL,Belgium,830.0,441.0458970991169,830,2010,2025,Europe & Central Asia,High income,11858610.0,664564181486.953,3.27235,0.3938559813845714,0.3938559813845714,0.1893491124260355,0.3278292651089936,0.1976744186046511,0.589622641509434,0.664804469273743,69.99133962580774,37.192039969196806,1.2489388130171064,0.6636618544687181
IRL,Ireland,694.0,415.88348179598177,694,2010,2025,Europe & Central Asia,High income,5395790.0,577389475009.922,1.58829,0.4380791618566307,0.4380791618566307,0.1893491124260355,0.4168189531392768,0.0488372093023255,0.929245283018868,0.6061452513966481,128.6187935408902,77.07554997432847,1.2019616394775365,0.7202824086615627
PRT,Portugal,638.0,402.7950937796294,638,2010,2025,Europe & Central Asia,High income,10694681.0,308683317392.68,1.69491,0.5409381105487107,0.5409381105487107,0.1893491124260355,0.3164648870904581,0.9348837209302324,0.5377358490566038,0.7262569832402235,59.65582330132147,37.66312373222066,2.066843149765661,1.3048813171436429
SGP,Singapore,758.0,398.4082911369676,758,2010,2025,East Asia & Pacific,High income,6036860.0,547386645891.847,1.80821,,,,0.1347898446677979,0.1674418604651162,0.1367924528301886,,125.56196433245097,65.99594675658663,1.384761586145392,0.7278370675043566
HKG,"Hong Kong SAR, China",793.0,385.0911376480417,793,2010,2025,East Asia & Pacific,High income,7524100.0,407106738445.069,1.12597,0.6614572724933871,,0.3994082840236686,,0.8534883720930233,0.4292452830188679,0.9636871508379888,105.39466514267487,51.181023331433884,1.9478921008009786,0.9459217971161195
RUS,Russian Federation,567.0,384.94816395506797,567,2010,2025,Europe & Central Asia,High income,143533851.0,2173835806671.66,0.93706,0.3427611795843537,0.3427611795843537,0.1893491124260355,0.6223404255319149,0.0232558139534883,0.7783018867924528,0.1005586592178771,3.9502876572300707,2.6819329466403574,0.260829266985039,0.17708244696937742
DNK,Denmark,730.0,373.485812722709,730,2010,2025,Europe & Central Asia,High income,5976992.0,429457372071.869,3.04841,0.3654988491482722,0.3654988491482722,0.1893491124260355,0.4308510638297872,0.2906976744186046,0.8160377358490566,0.1005586592178771,122.13501373266018,62.48725324087919,1.6998194639859054,0.8696691150529527
SWE,Sweden,747.0,359.3283176464059,747,2010,2025,Europe & Central Asia,High income,10569709.0,610117791237.089,3.59978,0.3549295438351916,0.3549295438351916,0.1893491124260355,0.5053191489361702,0.1209302325581395,0.8584905660377359,0.1005586592178771,70.67365809219535,33.9960464045326,1.224353740751217,0.5889490895156875
NZL,New Zealand,546.0,342.8976802282685,546,2010,2025,East Asia & Pacific,High income,5287500.0,260235932558.996,1.54848,0.541785913918329,0.541785913918329,0.1893491124260355,0.8936170212765957,0.1209302325581395,0.9575471698113208,0.547486033519553,103.26241134751774,64.850625102273,2.0980961185143823,1.317641560319626
BGD,Bangladesh,536.0,327.43924774056353,536,2010,2025,South Asia,Lower middle income,173562364.0,450119424622.389,,0.3542273762355347,0.3542273762355347,0.6686390532544378,0.3580798851324892,0.3441860465116279,0.1320754716981132,0.2681564245810056,3.088227122787979,1.8865797871972032,1.1907950883249647,0.7274497162953067
ZAF,South Africa,541.0,319.2618221106379,541,2010,2025,Sub-Saharan Africa,Upper middle income,64007187.0,400260724226.067,0.61479,0.4179078095750087,0.4179078095750087,0.6627218934911243,0.7382032371753035,0.041860465116279,0.4009433962264151,0.2458100558659217,8.452175847065424,4.987905844239616,1.3516190004554218,0.797634648585503
ISR,Israel,450.0,293.8922054691095,450,2010,2025,Middle East & North Africa,High income,9974400.0,540379921261.681,6.34589,0.6333629661276414,0.6333629661276414,0.1893491124260355,0.7872340425531915,0.8232558139534883,0.5094339622641509,0.8575418994413407,45.115495668912416,29.46465005104162,0.8327474472947446,0.5438621864093857
NOR,Norway,554.0,289.7742175368491,554,2010,2025,Europe & Central Asia,High income,5572279.0,483727398216.364,1.85142,0.4774011116104023,0.4774011116104023,0.1893491124260355,0.6595744680851063,0.2697674418604651,0.7264150943396226,0.5418994413407822,99.42072175495879,52.002819230129916,1.1452731477331042,0.5990444589356038
AUT,Austria,516.0,256.0647269672192,516,2010,2025,Europe & Central Asia,High income,9177982.0,521642466921.745,3.25517,0.3808624637343823,0.3808624637343823,0.1893491124260355,0.4734042553191489,0.3581395348837209,0.5566037735849056,0.3268156424581006,56.221509259878694,27.899894221542294,0.9891832676985798,0.49088167318561726
NGA,Nigeria,416.0,244.58007936507937,416,2010,2025,Sub-Saharan Africa,Lower middle income,232679478.0,187759703099.801,0.28444,0.5618105112644027,0.5618105112644027,0.8402366863905325,0.5548557629552278,0.916279069767442,0.1792452830188679,0.3184357541899441,1.787867170649231,1.0511459002202135,2.215597879268488,1.302622848924491
ROU,Romania,325.0,244.3218358825557,325,2011,2025,Europe & Central Asia,High income,19051804.0,382767571329.158,0.51656,0.3185741762825829,0.3185741762825829,0.1893491124260355,0.545832789453074,0.1627906976744186,0.5943396226415094,0.1005586592178771,17.058752021593335,12.824078805479822,0.8490792437599651,0.638303383523713
VNM,Viet Nam,394.0,243.26862026862025,394,2010,2025,East Asia & Pacific,Lower middle income,100987686.0,476388230307.175,0.41456,0.3354346100207346,0.3354346100207346,0.5059171597633136,0.3078742983944655,0.2093023255813953,0.3915094339622642,0.2625698324022346,3.901465768806704,2.408893894931113,0.8270565369466599,0.5106520371247643
COL,Colombia,368.0,232.8861222111222,368,2010,2025,Latin America & Caribbean,Upper middle income,52886363.0,418542042920.189,0.2894,0.5284888752378895,0.5284888752378895,0.4378698224852071,0.5252741156506984,0.1860465116279069,0.839622641509434,0.6536312849162011,6.958315511316216,4.403519338456347,0.8792426142722614,0.5564222905452076
CZE,Czechia,376.0,226.26724372033195,376,2010,2025,Europe & Central Asia,High income,10905028.0,345036675975.047,1.83369,0.29870729440066,0.29870729440066,0.1893491124260355,0.4419788539355175,0.1767441860465116,0.5849056603773585,0.1005586592178771,34.47950798475712,20.74889158655365,1.0897392253662688,0.6557773694083917
ARG,Argentina,350.0,225.8340549646432,350,2010,2025,Latin America & Caribbean,Upper middle income,45696159.0,633266692533.689,0.60111,0.5351882202448983,0.5351882202448983,0.408284023668639,0.5988447983291998,0.6767441860465117,0.8915094339622641,0.1005586592178771,7.659287074872091,4.942079595018987,0.552689734240808,0.3566176109169505
FIN,Finland,437.0,221.5195522889563,437,2010,2025,Europe & Central Asia,High income,5619911.0,299835625550.781,3.0938,0.3153654964863079,0.3153654964863079,0.1893491124260355,0.3515533220206239,0.0674418604651162,0.8679245283018868,0.1005586592178771,77.75923853598393,39.41691466091835,1.4574652334833655,0.738803308919804
MAR,Morocco,323.0,219.35526556776557,323,2011,2025,Middle East & North Africa,Lower middle income,38081173.0,154430996472.752,0.66036,0.622651431413011,0.622651431413011,0.5946745562130178,0.6433070095287822,0.916279069767442,0.2830188679245283,0.6759776536312849,8.481881584897607,5.760202438295837,2.091549024337161,1.4204095717692846
CHL,Chile,333.0,204.57082449714028,333,2010,2025,Latin America & Caribbean,High income,19764771.0,330267137371.592,0.39205,0.4377944650354258,0.4377944650354258,0.1893491124260355,0.4535471870512987,0.4860465116279069,0.4622641509433962,0.5977653631284916,16.848158777048315,10.350275472310825,1.0082747034723385,0.619410172399237
ETH,Ethiopia,315.0,191.8563492063492,315,2010,2025,Sub-Saharan Africa,Not classified,132059767.0,1473281348345.84,0.27437,0.4130826874821139,0.4130826874821139,0.8313609467455622,0.4783318104686072,0.1767441860465116,0.3443396226415094,0.2346368715083799,2.385283626920226,1.4527993920082352,0.21380844897932996,0.13022383635125787
HUN,Hungary,338.0,189.24234806043629,338,2010,2025,Europe & Central Asia,High income,9562065.0,222904723252.11,1.37748,0.4001273256170481,0.4001273256170481,0.1893491124260355,0.7978723404255319,0.1581395348837209,0.7547169811320755,0.1005586592178771,35.348013216810386,19.79094976455779,1.5163429247648323,0.8489831229210839
IRQ,Iraq,325.0,188.81956349206348,325,2011,2025,Middle East & North Africa,Upper middle income,46042015.0,279641257615.385,0.0407,0.614371569434023,0.614371569434023,0.7751479289940828,0.669813013966845,0.9674418604651164,0.0896226415094339,0.5698324022346368,7.058770125503846,4.101027365810629,1.1622033271177776,0.6752206920473927
SRB,Serbia,250.0,172.8118137254902,250,2010,2025,Europe & Central Asia,Upper middle income,6586476.0,89083506277.2344,0.93978,0.4685724855046709,0.4685724855046709,0.1893491124260355,0.3628932254274898,0.9023255813953488,0.7877358490566038,0.1005586592178771,37.95656432969618,26.23737089841217,2.8063556369456504,1.9398856303173244
PHL,Philippines,226.0,163.18253246753247,226,2010,2025,East Asia & Pacific,Lower middle income,115843670.0,461617509782.355,0.27625,0.288759244276442,0.288759244276442,0.3875739644970414,0.4575936561806553,0.0162790697674418,0.1745283018867924,0.4078212290502793,1.950905042977316,1.4086443606934456,0.4895828152328002,0.3535016090366033
ARE,United Arab Emirates,368.0,159.12565855197434,368,2010,2025,Middle East & North Africa,High income,10986400.0,537078829135.466,1.49469,0.6813891372046333,0.6813891372046333,0.1893491124260355,0.9308510638297872,0.8372093023255814,0.4858490566037736,0.9636871508379888,33.49595863977281,14.48387629723789,0.6851880581336046,0.2962798939740715
DZA,Algeria,196.0,133.2731893106893,196,2010,2025,Middle East & North Africa,Upper middle income,46814308.0,263619794506.723,0.44395,0.5448085444259056,0.5448085444259056,0.1893491124260355,0.6005743375538442,0.916279069767442,0.2971698113207547,0.7206703910614525,4.1867541863483275,2.8468473636455185,0.7434950033503706,0.5055507670054363
JOR,Jordan,233.0,123.77490097621677,233,2010,2025,Middle East & North Africa,Lower middle income,11552876.0,53352289577.4648,0.69547,0.6649833391374005,0.6649833391374005,0.7544378698224852,0.6306617934995431,0.8534883720930233,0.1226415094339622,0.9636871508379888,20.168138219435576,10.713773866889662,4.36719776874235,2.3199548127452325
PER,Peru,182.0,113.89279178338002,182,2010,2025,Latin America & Caribbean,Upper middle income,34217848.0,289221969059.853,0.17611,0.5923229234759906,0.5923229234759906,0.5828402366863905,0.4328090327633468,0.4860465116279069,0.8537735849056604,0.6061452513966481,5.3188616654092336,3.3284615614453608,0.6292744655311299,0.3937902509743666
HRV,Croatia,158.0,108.4275111000111,158,2010,2025,Europe & Central Asia,High income,3866200.0,92526176108.621,1.38621,0.3404382122507901,0.3404382122507901,0.1893491124260355,0.7127659574468085,0.0674418604651162,0.6320754716981132,0.1005586592178771,40.86700118979877,28.044982437538437,1.7076248759541957,1.1718576910897383
SVN,Slovenia,163.0,106.81834733893557,163,2010,2025,Europe & Central Asia,High income,2127400.0,72485008929.2766,2.13385,0.346901179595828,0.346901179595828,0.1893491124260355,0.4787234042553192,0.027906976744186,0.6698113207547169,0.3687150837988827,76.61934756040236,50.21074896067292,2.2487408418344628,1.473661228946773
GHA,Ghana,188.0,103.3504329004329,188,2010,2025,Sub-Saharan Africa,Lower middle income,34427414.0,82825288888.9734,0.37655,0.3719309032651698,0.3719309032651698,0.5532544378698225,0.430426837227516,0.3651162790697674,0.0471698113207547,0.4636871508379888,5.460764494248682,3.0019807151484836,2.2698381439032755,1.247812525459142
TUN,Tunisia,176.0,100.02892496392496,176,2010,2025,Middle East & North Africa,Lower middle income,12277109.0,53409988744.5968,0.74658,0.5940836210002081,0.5940836210002081,0.3875739644970414,0.5703074011225688,0.9883720930232558,0.3537735849056603,0.6703910614525139,14.335622498749501,8.147596063855502,3.295263753782479,1.8728505157014161
KEN,Kenya,211.0,95.0201929065087,211,2010,2025,Sub-Saharan Africa,Lower middle income,56432944.0,124498691699.125,0.81069,0.482820254303935,0.482820254303935,0.9585798816568049,0.3799928207805769,0.3162790697674418,0.2452830188679245,0.5139664804469274,3.738950780239287,1.683771679650608,1.694796926138967,0.7632224211330931
UKR,Ukraine,140.0,91.58333333333333,140,2010,2025,Europe & Central Asia,Upper middle income,37860221.0,190741263731.535,0.36988,0.4529555361232809,0.4529555361232809,0.5828402366863905,0.6923704477222294,0.1767441860465116,0.7122641509433962,0.1005586592178771,3.697812540502603,2.418985703578786,0.7339785700332129,0.48014431456339346
KAZ,Kazakhstan,120.0,81.53730158730158,120,2015,2025,Europe & Central Asia,Upper middle income,20592571.0,288406138230.669,0.16242,0.390800400706202,0.390800400706202,0.1893491124260355,0.4186137579950398,0.4860465116279069,0.7594339622641509,0.1005586592178771,5.827344239823186,3.9595493727957325,0.41607990986663146,0.28271694246010654
QAT,Qatar,164.0,80.48918669050248,164,2010,2025,Middle East & North Africa,High income,2857822.0,217982967032.967,0.68058,,,,0.5834257929774181,0.7976744186046512,0.8632075471698113,,57.386359262403325,28.164520635120898,0.7523523614356401,0.3692453029063026
MAC,"Macao SAR, China",141.0,68.25111111111111,141,2010,2025,East Asia & Pacific,High income,687000.0,50183212761.3484,0.31097,0.4482880589792331,,0.6893491124260355,,0.241860465116279,0.0518867924528301,0.8100558659217877,205.24017467248908,99.34659550380076,2.8097045255061786,1.3600386933313044
BGR,Bulgaria,104.0,66.71765260882908,104,2010,2025,Europe & Central Asia,High income,6441421.0,112211952703.831,0.79224,0.2947006582119071,0.2947006582119071,0.1893491124260355,0.4927881477613888,0.0162790697674418,0.6745283018867925,0.1005586592178771,16.145505782031634,10.357598518840653,0.9268174868544942,0.5945681453821745
LTU,Lithuania,101.0,63.34716726084373,101,2012,2025,Europe & Central Asia,High income,2888278.0,84869215513.3648,1.04977,0.405112735784477,0.405112735784477,0.1893491124260355,0.401693643127529,0.4,0.9339622641509434,0.1005586592178771,34.96893304591871,21.9325034712184,1.1900663790640906,0.746409247188907
ECU,Ecuador,112.0,60.32811355311355,112,2015,2025,Latin America & Caribbean,Upper middle income,18135478.0,124676074700.0,0.43839,0.6489582874845832,0.6489582874845832,0.7159763313609467,0.5115438585041118,0.8186046511627907,0.7405660377358491,0.4581005586592179,6.175740170730543,3.3265245919139024,0.8983279291515904,0.48387883319455804
SVK,Slovak Republic,104.0,57.4420202020202,104,2010,2025,Europe & Central Asia,High income,5422069.0,141775733420.114,1.03359,0.2882382328782345,0.2882382328782345,0.3994082840236686,0.5,0.1534883720930232,0.2877358490566037,0.1005586592178771,19.180869885646974,10.594114571765907,0.7335528971789844,0.4051611571058238
LKA,Sri Lanka,98.0,52.82900432900433,98,2010,2025,South Asia,Lower middle income,21916000.0,98963185509.6499,0.10506,0.3086966201833768,0.3086966201833768,0.6094674556213018,0.2317093068789975,0.241860465116279,0.1084905660377358,0.3519553072625698,4.4716189085599565,2.410522190591546,0.9902672341771376,0.5338248163389301
OMN,Oman,109.0,52.16277056277056,109,2010,2025,Middle East & North Africa,High income,5281538.0,106942782834.85,0.38979,0.674874218222015,0.674874218222015,0.5355029585798816,0.6398479310794936,0.8372093023255814,0.6132075471698113,0.7486033519553073,20.637927815723376,9.876435720574303,1.0192366152312207,0.4877633551328534
TZA,Tanzania,82.0,39.791305916305916,82,2010,2025,Sub-Saharan Africa,Lower middle income,68560157.0,78779864877.3018,0.51456,0.6308530643635442,0.6308530643635442,0.8520710059171598,0.520493408171257,0.972093023255814,0.6084905660377359,0.2011173184357542,1.1960299332453397,0.5803852799856616,1.0408751034000059,0.5050948739031241
UGA,Uganda,82.0,39.64805194805195,82,2010,2025,Sub-Saharan Africa,Low income,50015092.0,53651874313.9836,0.4383,0.5371374771675681,0.5371374771675681,0.8757396449704142,0.3921403863725362,0.9069767441860463,0.2594339622641509,0.2513966480446927,1.639505131771026,0.7927217638238464,1.5283715815801027,0.7389872666148077
CYP,Cyprus,79.0,39.07730158730159,79,2010,2025,Europe & Central Asia,High income,1358282.0,36333022329.4981,0.68145,0.4369865752363219,0.4369865752363219,0.1893491124260355,0.5691489361702128,0.1976744186046511,0.3349056603773584,0.8938547486033519,58.16170721543833,28.769652831519224,2.1743305383065086,1.0755312683023195
LBN,Lebanon,103.0,38.24483937115516,103,2010,2025,Middle East & North Africa,Lower middle income,5805962.0,38015876532.134,,0.6816461478285951,0.6816461478285951,0.6331360946745562,0.7116401253100118,0.944186046511628,0.2924528301886792,0.8268156424581006,17.740384797558097,6.587166669564003,2.7093943214208496,1.006022821513207
URY,Uruguay,56.0,35.338034188034186,56,2010,2025,Latin America & Caribbean,High income,3386588.0,80961511073.5797,0.70196,0.4513887026422516,0.4513887026422516,0.1893491124260355,0.537593003524344,0.4860465116279069,0.9433962264150944,0.1005586592178771,16.535817170556324,10.434701294646466,0.6916866947938497,0.4364794297863112
EST,Estonia,67.0,33.72730158730159,67,2011,2025,Europe & Central Asia,High income,1372341.0,42764929169.3258,1.83878,0.3202768801354431,0.3202768801354431,0.1893491124260355,0.2801690379845973,0.1209302325581395,0.910377358490566,0.1005586592178771,48.82168498937217,24.57647303935508,1.566704336974733,0.7886673085265702
KWT,Kuwait,64.0,32.7515984015984,64,2010,2025,Middle East & North Africa,High income,4897263.0,160227273001.348,0.08954,0.627502530690401,0.627502530690401,0.1893491124260355,0.5385393551755646,0.8372093023255814,0.6981132075471698,0.8743016759776536,13.068524194024295,6.687735251629002,0.3994326234302294,0.20440713861068371
NPL,Nepal,74.0,32.01893749525328,74,2010,2025,South Asia,Lower middle income,29651054.0,42914268286.7109,0.30221,0.457610548901134,0.457610548901134,0.5059171597633136,0.3779206369925597,0.7976744186046512,0.3160377358490566,0.2905027932960894,2.4956954312652764,1.0798583246063793,1.7243682102559652,0.7461140262565881
CMR,Cameroon,54.0,28.711111111111112,54,2014,2025,Sub-Saharan Africa,Lower middle income,29123744.0,51326764684.8595,,0.503768681372753,0.503768681372753,0.4674556213017751,0.5538441456728886,0.5720930232558139,0.4952830188679245,0.4301675977653631,1.8541572127539645,0.9858317361638363,1.052082677167631,0.5593789378191685
LVA,Latvia,41.0,28.202579365079366,41,2013,2025,Europe & Central Asia,High income,1866124.0,43520773851.1219,0.8236,0.3718120277254059,0.3718120277254059,0.1893491124260355,0.3381738676413001,0.3441860465116279,0.8867924528301887,0.1005586592178771,21.9706729027653,15.112918201083833,0.9420788366552235,0.648025686803185
LUX,Luxembourg,66.0,25.52965178096757,66,2013,2025,Europe & Central Asia,High income,677012.0,93197329011.7078,1.07045,0.4846515499429794,0.4846515499429794,0.1893491124260355,0.6329787234042553,0.6767441860465117,0.6839622641509434,0.2402234636871508,97.48719372773304,37.7093046814053,0.708174801787601,0.27393115287413916
ZWE,Zimbabwe,52.0,24.142857142857142,52,2015,2025,Sub-Saharan Africa,Lower middle income,16634373.0,44187704410.1191,,0.4904591698174075,0.4904591698174075,0.8313609467455622,0.5501729539224645,0.0488372093023255,0.3962264150943396,0.6256983240223464,3.1260571107789876,1.4513836585759585,1.1767979507913033,0.5463704771531052
RWA,Rwanda,50.0,22.3312030075188,50,2012,2025,Sub-Saharan Africa,Low income,14256567.0,14251642231.4932,0.78149,0.5768780266418896,0.5768780266418896,0.9112426035502958,0.4799797676543532,0.9604651162790696,0.080188679245283,0.4525139664804469,3.5071556848152854,1.5663801115316751,3.5083676104014367,1.566921386657562
UZB,Uzbekistan,51.0,21.772222222222222,51,2013,2025,Europe & Central Asia,Lower middle income,36361859.0,114965293466.611,0.10416,0.3633150044665214,0.3633150044665214,0.1893491124260355,0.2996671452812948,0.4,0.5141509433962265,0.4134078212290503,1.4025685540445003,0.5987653772658384,0.44361214121383313,0.18938082586241958
BEN,Benin,33.0,20.88095238095238,33,2015,2025,Sub-Saharan Africa,Lower middle income,14462724.0,21482643720.2743,,0.5527939116420656,0.5527939116420656,0.7544378698224852,0.5632423965539747,0.5720930232558139,0.3490566037735849,0.5251396648044693,2.2817278404815027,1.4437772843450776,1.536123785772985,0.971991746120424
CUB,Cuba,41.0,20.109523809523807,41,2010,2025,Latin America & Caribbean,Upper middle income,10979783.0,633442300000.0,0.43839,0.5238357195099547,0.5238357195099547,0.1893491124260355,0.4920702258190836,0.6767441860465117,0.5235849056603774,0.7374301675977654,3.7341357292762525,1.8315046672164474,0.06472570587723617,0.03174641764454917
BRN,Brunei Darussalam,32.0,16.537301587301588,32,2018,2025,East Asia & Pacific,High income,462721.0,15463134387.2013,0.27764,0.5772057119639267,,,0.4808445372666753,0.241860465116279,0.8207547169811321,0.7653631284916201,69.15614376697837,35.73925019029089,2.069438135808101,1.0694663302538048
VEN,"Venezuela, RB",33.0,16.30311355311355,33,2011,2025,Latin America & Caribbean,Not classified,28405543.0,29024373424553.1,0.33713,0.6844023291424293,0.6844023291424293,0.5355029585798816,0.6142638036809815,0.7976744186046512,0.8349056603773585,0.6396648044692738,1.1617450861615284,0.5739412745291844,0.001136975448782082,0.0005617042378362584
BHR,Bahrain,30.0,16.158008658008658,30,2020,2025,Middle East & North Africa,High income,1588670.0,47736702127.6596,0.19327,,,,0.6933331157812296,0.9534883720930232,0.6886792452830188,,18.883720344690843,10.170777227497629,0.6284472672572285,0.33848187951480596
MKD,North Macedonia,35.0,15.898766233766233,35,2011,2025,Europe & Central Asia,Upper middle income,1824359.0,16685236492.0675,0.37363,0.3827471468329116,0.3827471468329116,0.1893491124260355,0.3737436366009659,0.4,0.5707547169811321,0.3798882681564245,19.184820531485304,8.714713624766963,2.0976628060764804,0.9528643026021734
SEN,Senegal,41.0,15.718223443223444,41,2010,2025,Sub-Saharan Africa,Lower middle income,18501984.0,32267254425.052,0.5772,0.3881027210448463,0.3881027210448463,0.4822485207100592,0.4019873384675629,0.2558139534883721,0.2641509433962264,0.5363128491620112,2.215978567487681,0.8495425919308677,1.270638011524401,0.48712615074618687
SYR,Syrian Arab Republic,34.0,14.852380952380953,34,2014,2025,Middle East & North Africa,Low income,24672760.0,19993439949.5435,0.04217,0.6635081366219098,0.6635081366219098,0.9763313609467456,0.8159182874298394,0.9883720930232558,0.1179245283018868,0.4189944134078212,1.3780379657565673,0.6019748480664893,1.700557787244426,0.7428627084615357
SDN,Sudan,37.0,14.566666666666666,37,2011,2025,Sub-Saharan Africa,Low income,50448963.0,49909807029.6996,0.225,0.7216713597701386,0.7216713597701386,0.6745562130177515,0.9386503067484664,0.9255813953488372,0.6226415094339622,0.4469273743016759,0.7334144806901185,0.2887406559113349,0.7413372682042745,0.2918598073921333
CIV,Côte d'Ivoire,32.0,14.402020202020202,32,2011,2025,Sub-Saharan Africa,Lower middle income,31934230.0,86538413923.3943,0.06975,0.5243522836381327,0.5243522836381327,0.6804733727810651,0.4906506983422529,0.5720930232558139,0.3254716981132075,0.553072625698324,1.0020595455096304,0.45099005681427745,0.3697779812364842,0.1664234361259404
PSE,West Bank and Gaza,32.0,14.025840825840826,32,2012,2025,Middle East & North Africa,Lower middle income,5289152.0,13711100000.0,0.45434,,,,0.3466257668711656,0.872093023255814,0.2028301886792453,,6.050119187347991,2.6518127718471365,2.3338754731567852,1.022955184182219
AZE,Azerbaijan,39.0,13.726190476190476,39,2016,2025,Europe & Central Asia,Upper middle income,10202830.0,74315882352.9412,0.20778,0.4631274998253319,0.4631274998253319,0.1893491124260355,0.3373090980289779,0.872093023255814,0.4811320754716981,0.435754189944134,3.8224688640308617,1.345331685051155,0.5247868795364777,0.18470063251085433
MLT,Malta,25.0,13.642857142857142,25,2015,2025,Middle East & North Africa,High income,568847.0,24322006607.9295,0.64792,0.5063792987444369,0.5063792987444369,0.1893491124260355,0.4979278162119828,0.7465116279069768,0.240566037735849,0.8575418994413407,43.94854855523541,23.983350782999896,1.0278757177810098,0.5609264631319225
GEO,Georgia,25.0,12.916666666666666,25,2015,2025,Europe & Central Asia,Upper middle income,3699557.0,33776141250.5716,0.26435,0.4904859767939965,0.4904859767939965,0.1893491124260355,0.374755253883305,0.8534883720930233,0.3867924528301887,0.6480446927374302,6.757565838288206,3.491409016448906,0.7401674399255693,0.3824198439615441
BFA,Burkina Faso,32.0,12.005194805194805,32,2015,2025,Sub-Saharan Africa,Low income,23548781.0,23250214909.5391,0.10477,0.4987221022198599,0.4987221022198599,0.7396449704142012,0.3633092938258713,0.7465116279069768,0.4150943396226415,0.2290502793296089,1.3588813790403844,0.5098011147666117,1.376331364011222,0.5163476919204437
CRI,Costa Rica,29.0,11.97549019607843,29,2011,2025,Latin America & Caribbean,High income,5129910.0,95350423176.664,0.33738,0.5178329123998685,0.5178329123998685,0.1893491124260355,0.565698015924814,0.6767441860465117,0.3584905660377358,0.7988826815642458,5.653120620049865,2.334444502160551,0.3041412825852821,0.12559451544216432
ISL,Iceland,30.0,11.804004329004329,30,2011,2025,Europe & Central Asia,High income,386506.0,33462807982.85,2.64005,0.5295585888050343,0.5295585888050343,0.1893491124260355,0.574468085106383,0.2232558139534883,0.9009433962264152,0.7597765363128491,77.61845870439268,30.540287418576497,0.8965177105093894,0.35274996452939605
BIH,Bosnia and Herzegovina,23.0,11.248823529411764,23,2019,2025,Europe & Central Asia,Upper middle income,3164253.0,28343394203.4694,0.21437,0.3748818041461082,0.3748818041461082,0.1893491124260355,0.3751305312622373,0.4,0.5188679245283019,0.3910614525139664,7.268698172996913,3.554969697243477,0.8114765590489745,0.39687637439113915
ALB,Albania,18.0,10.694761904761904,18,2011,2025,Europe & Central Asia,Upper middle income,2377128.0,27177735527.5667,0.19997,0.4809184845652192,0.4809184845652192,0.5177514792899408,0.490503850672236,0.4,0.5047169811320755,0.4916201117318435,7.572162710632326,4.499026516351624,0.6623068350099436,0.3935118837959874
ZMB,Zambia,27.0,10.190909090909091,27,2014,2025,Sub-Saharan Africa,Lower middle income,21314956.0,26325775287.0226,0.27819,0.5384060507486226,0.5384060507486226,0.9644970414201184,0.531735413131445,0.2697674418604651,0.8254716981132075,0.1005586592178771,1.26671619683381,0.4781107261450172,1.0256108207878596,0.3871076532333976
MWI,Malawi,22.0,8.717099567099567,22,2011,2025,Sub-Saharan Africa,Low income,21655286.0,11008925322.5134,0.17752,0.4987796230723164,0.4987796230723164,0.8579881656804734,0.5008402950006526,0.7465116279069768,0.1650943396226415,0.2234636871508379,1.0159182381613432,0.4025391106402181,1.9983785297380212,0.7918211189309261
BWA,Botswana,16.0,7.983333333333333,16,2014,2025,Sub-Saharan Africa,Upper middle income,2521139.0,19400774882.4495,0.561,0.6615868413582505,0.6615868413582505,0.8994082840236687,0.6096952095026759,0.055813953488372,1.0,0.7430167597765364,6.346337905208717,3.1665581839530996,0.8247093271761047,0.4114955913722439
MOZ,Mozambique,19.0,7.1909090909090905,19,2017,2025,Sub-Saharan Africa,Low income,34631766.0,22416650343.4786,0.30814,0.6704072260615516,0.6704072260615516,0.8668639053254438,0.5337749641039029,0.7465116279069768,0.6462264150943396,0.5586592178770949,0.5486292555799782,0.20763911060467116,0.8475842603097673,0.3207842822512086
COG,"Congo, Rep.",19.0,6.9261904761904765,19,2016,2025,Sub-Saharan Africa,Lower middle income,6332961.0,15719985776.3966,0.38339,0.6851068983169126,0.6851068983169126,0.9230769230769232,0.4570062655005874,0.5720930232558139,0.5990566037735849,0.8743016759776536,3.0001763787902687,1.0936733190351997,1.2086524930912028,0.4405977571932719
TTO,Trinidad and Tobago,10.0,6.0,10,2011,2025,Latin America & Caribbean,High income,1368333.0,26428963758.1307,0.05039,0.7001505463042144,0.7001505463042144,0.6893491124260355,0.3852548622895183,0.4860465116279069,0.9764150943396226,0.9636871508379888,7.308162559844717,4.38489753590683,0.37837276147172305,0.22702365688303383
AFG,Afghanistan,15.0,5.833333333333333,15,2018,2025,Middle East & North Africa,Low income,42647492.0,103317492737.43,,0.5820355855476582,0.5820355855476582,0.9289940828402368,0.5206728886568333,0.9395348837209302,0.0377358490566037,0.4832402234636871,0.35172056542035346,0.136780219885693,0.14518354639248598,0.05646026804152232
ARM,Armenia,11.0,5.416666666666666,11,2014,2025,Europe & Central Asia,Upper middle income,3033500.0,25786585949.6346,0.2861,0.4944276088430828,0.4944276088430828,0.1893491124260355,0.4228968150372014,0.872093023255814,0.2783018867924528,0.7094972067039106,3.626174386022746,1.785616174935443,0.42657837766832685,0.21005753445788822
NER,Niger,12.0,5.154761904761905,12,2017,2025,Sub-Saharan Africa,Low income,27032412.0,19537639288.0633,,0.539574649349694,0.539574649349694,0.7307692307692307,0.5356024017752252,0.7465116279069768,0.4056603773584906,0.2793296089385474,0.443911553286477,0.19068819699706802,0.6141990761049371,0.2638374999538073
LBY,Libya,12.0,5.038095238095238,12,2016,2025,Middle East & North Africa,Upper middle income,7381023.0,46636278901.9016,,0.6057404480464283,0.6057404480464283,0.7899408284023669,0.6146064482443545,0.3651162790697674,0.4433962264150943,0.8156424581005587,1.6257908964651648,0.6825741144683112,0.257310409032456,0.10802952887156288
BLR,Belarus,6.0,5.0,6,2018,2025,Europe & Central Asia,Upper middle income,9132629.0,75961865471.9129,0.5872,0.390656117287332,0.390656117287332,0.1893491124260355,0.3705945698994909,0.1976744186046511,0.9386792452830188,0.2569832402234637,0.6569849711402928,0.5474874759502439,0.0789870017373193,0.0658225014477661
NAM,Namibia,9.0,4.916666666666666,9,2019,2025,Sub-Saharan Africa,Lower middle income,3030131.0,13372354268.5446,0.64636,0.7188257651156971,0.7188257651156971,0.8165680473372781,0.5323880694426315,0.627906976744186,0.9245283018867924,0.6927374301675978,2.9701686164723573,1.622592114554343,0.6730303295337037,0.367673976319338
MLI,Mali,13.0,4.902337662337662,13,2012,2025,Sub-Saharan Africa,Low income,24478595.0,26588067731.1692,0.14743,0.527249374409668,0.527249374409668,0.7218934911242604,0.4782665448374885,0.7465116279069768,0.4716981132075472,0.217877094972067,0.531076232112178,0.20027038571199293,0.4889411344759024,0.18438111832363996
GTM,Guatemala,10.0,4.443589743589744,10,2010,2025,Latin America & Caribbean,Upper middle income,18406359.0,113199586004.477,0.00609,0.594918065874967,0.594918065874967,0.7041420118343196,0.7382440281947527,0.6767441860465117,0.2688679245283019,0.5865921787709497,0.5432905008535366,0.24141600973825098,0.08833954569060441,0.03925446991841473
MNG,Mongolia,12.0,4.416666666666667,12,2020,2025,East Asia & Pacific,Upper middle income,3524788.0,23586055802.4517,0.08365,0.3999923898106434,0.3999923898106434,0.1893491124260355,0.4225949614932776,0.0046511627906976,0.981132075471698,0.4022346368715084,3.404460069655253,1.2530304423036696,0.5087751890569443,0.18725753486123645
MMR,Myanmar,7.0,4.309523809523809,7,2018,2025,East Asia & Pacific,Lower middle income,54500091.0,74079772652.4286,0.02307,0.426174592552662,0.426174592552662,0.5177514792899408,0.4456255710742723,0.2697674418604651,0.7971698113207547,0.1005586592178771,0.12844015251277285,0.07907369933609486,0.09449273059790518,0.0581740960483702
DOM,Dominican Republic,18.0,4.233272283272283,18,2013,2025,Latin America & Caribbean,Upper middle income,11427557.0,124282245638.568,,0.6337907799388824,0.6337907799388824,0.4201183431952662,0.5292063699255972,0.9767441860465116,0.5613207547169812,0.6815642458100558,1.5751398133476824,0.37044420634019004,0.1448316282628718,0.03406176209257832
MNE,Montenegro,8.0,4.142857142857142,8,2018,2025,Europe & Central Asia,Upper middle income,623525.0,8069536125.80285,0.36328,0.4647914644597902,0.4647914644597902,0.1893491124260355,0.4704836183265892,0.4,0.4764150943396226,0.7877094972067039,12.830279459524478,6.644251862968033,0.9913828843791276,0.5133947079820481
MUS,Mauritius,7.0,4.011904761904762,7,2019,2025,Sub-Saharan Africa,Upper middle income,1245779.0,14952555414.8553,0.26181,0.573480325253329,0.573480325253329,0.6331360946745562,0.3901416264195275,0.627906976744186,0.3726415094339622,0.8435754189944135,5.61897415191619,3.220398451013191,0.46814740395782317,0.2683089713159632
FJI,Fiji,8.0,4.0,8,2018,2025,East Asia & Pacific,Upper middle income,928784.0,5840564072.77313,,0.5514054412384978,0.5514054412384978,0.5710059171597633,0.5808559587521211,0.627906976744186,0.1839622641509433,0.7932960893854749,8.61341280642216,4.30670640321108,1.369730714417376,0.684865357208688
KHM,Cambodia,10.0,3.75,10,2014,2025,East Asia & Pacific,Lower middle income,17638801.0,46352647034.7775,0.08828,0.4243439232573031,0.4243439232573031,0.4940828402366864,0.3436643388591567,0.3720930232558139,0.8113207547169812,0.1005586592178771,0.5669319586971926,0.21259948451144725,0.2157374096132459,0.0809015286049672
PAN,Panama,8.0,3.4166666666666665,8,2017,2024,Latin America & Caribbean,High income,4515577.0,86260400000.0,0.19708,0.6762337660053978,0.6762337660053978,0.5266272189349113,0.5965523430361572,0.8534883720930233,0.7452830188679245,0.659217877094972,1.7716451297364655,0.7566401074916155,0.09274244033183246,0.03960875055838677
MDA,Moldova,7.0,3.25,7,2021,2025,Europe & Central Asia,Upper middle income,2402306.0,18200340853.6517,0.21589,0.2930467274596868,0.2930467274596868,0.1893491124260355,0.3125571074272288,0.1976744186046511,0.6650943396226415,0.1005586592178771,2.9138669261950807,1.352866787162002,0.3846081815877381,0.17856808430859267
TGO,Togo,7.0,3.0714285714285716,7,2010,2025,Sub-Saharan Africa,Low income,9515236.0,9925732119.72034,0.22229,0.4612604766406516,0.4612604766406516,0.6449704142011834,0.4582218378801723,0.7465116279069768,0.0990566037735849,0.3575418994413408,0.7356622578777867,0.3227905825382126,0.7052376505399006,0.3094410099307727
LAO,Lao PDR,8.0,2.9916666666666667,8,2012,2025,East Asia & Pacific,Lower middle income,7769819.0,16502933121.0806,0.0371,0.4941540885161059,,,0.4596250489492233,0.5720930232558139,0.8443396226415094,0.1005586592178771,1.029625014430838,0.3850368543548655,0.48476231111795026,0.18128090592848348
SLE,Sierra Leone,8.0,2.988095238095238,8,2017,2025,Sub-Saharan Africa,Low income,8642022.0,7547843281.27425,,0.5696043505528131,0.5696043505528131,0.9053254437869822,0.5008647696123222,0.7465116279069768,0.1981132075471698,0.4972067039106145,0.9257092842392671,0.34576343801198817,1.0599054195848931,0.3958872921366193
PNG,Papua New Guinea,8.0,2.9166666666666665,8,2014,2024,East Asia & Pacific,Lower middle income,10576502.0,32538480023.9998,0.03158,0.8079554484467402,0.8079554484467402,0.9349112426035504,0.7624820519514424,0.5720930232558139,0.8066037735849056,0.9636871508379888,0.7563937490864182,0.27576855435442327,0.24586274448281978,0.08963745892602805
HND,Honduras,6.0,2.783333333333333,6,2019,2025,Latin America & Caribbean,Lower middle income,10825703.0,37093565854.0437,0.05997,0.6111778388589555,0.6111778388589555,0.7692307692307693,0.5810925466649262,0.627906976744186,0.4575471698113207,0.6201117318435754,0.5542365239467589,0.257104165275302,0.16175311976230292,0.07503547500084606
BRB,Barbados,7.0,2.6166666666666667,7,2012,2025,Latin America & Caribbean,High income,282467.0,7165000000.0,,0.5693406039389328,0.5693406039389328,0.4556213017751479,0.4743669233781491,0.4860465116279069,0.4669811320754717,0.9636871508379888,24.78165591024792,9.263618995021249,0.9769713886950454,0.3652012095836241
AGO,Angola,14.0,2.3523809523809525,14,2022,2025,Sub-Saharan Africa,Lower middle income,37885849.0,80396942241.6233,0.03229,0.6390441922061056,0.6390441922061056,0.893491124260355,0.5574011225688552,0.5720930232558139,0.6415094339622641,0.5307262569832403,0.3695311143746574,0.06209128248336081,0.17413597594202887,0.02925958235216403
ERI,Eritrea,5.0,2.1666666666666665,5,2023,2025,Sub-Saharan Africa,Low income,3535603.0,11573463414.6341,,,,,0.5235282600182743,0.7465116279069768,0.4339622641509434,,1.414185925286295,0.6128139009573944,0.4320227939440959,0.18720987737577485
MDG,Madagascar,9.0,2.154004329004329,9,2018,2025,Sub-Saharan Africa,Low income,31964956.0,17420814800.7045,0.01275,0.5667771866488281,0.5667771866488281,0.9822485207100592,0.5096266805900013,0.7465116279069768,0.2547169811320754,0.3407821229050279,0.2815583415788215,0.06738643184756235,0.516623367101982,0.12364544102249575
BOL,Bolivia,4.0,2.125,4,2023,2024,Latin America & Caribbean,Lower middle income,12413315.0,49668296743.8495,0.06308,0.6535174243759796,0.6535174243759796,0.8668639053254438,0.5118538702519253,0.627906976744186,0.9481132075471698,0.3128491620111732,0.32223463273106334,0.17118714863837742,0.08053426958908805,0.042783830719203025
MRT,Mauritania,4.0,2.083333333333333,4,2015,2025,Sub-Saharan Africa,Lower middle income,5169395.0,10766731873.5407,0.01019,0.5997787891497202,0.5997787891497202,0.6331360946745562,0.5234793107949354,0.5720930232558139,0.6556603773584906,0.6145251396648045,0.7737849400171587,0.4030129895922701,0.37151477783430464,0.19349728012203363
GMB,"Gambia, The",8.0,1.8365800865800865,8,2014,2025,Sub-Saharan Africa,Low income,2759988.0,2507519958.34857,0.06933,0.5632808619758892,0.5632808619758892,0.7988165680473372,0.4312426576164991,0.7465116279069768,0.1415094339622641,0.6983240223463687,2.8985633270869293,0.6654304607773971,3.190403319967482,0.7324289007014092
BDI,Burundi,3.0,1.75,3,2019,2025,Sub-Saharan Africa,Low income,14047786.0,2162378759.3467,0.21312,0.4261223845821572,,,0.5412234042553191,0.7465116279069768,0.0424528301886792,0.3743016759776536,0.21355678396581496,0.1245747906467254,1.387361019448028,0.8092939280113497
BTN,Bhutan,4.0,1.5,4,2022,2025,South Asia,Lower middle income,791524.0,3019253885.46989,0.09979,,,,0.3697624331027281,0.0093023255813953,0.1886792452830188,,5.05354228046149,1.8950783551730586,1.3248306209855139,0.49681148286956767
LSO,Lesotho,2.0,1.5,2,2022,2025,Sub-Saharan Africa,Lower middle income,2337423.0,2271541845.62002,0.09453,0.5695248640060223,,,0.6291117347604751,0.5720930232558139,0.1132075471698113,0.9636871508379888,0.8556431591543336,0.6417323693657503,0.8804592369083554,0.6603444276812666
TCD,Chad,4.0,1.3666666666666667,4,2025,2025,Sub-Saharan Africa,Low income,20299123.0,20625711664.6472,0.23294,0.6538893372524038,0.6538893372524038,0.9467455621301776,0.4818235217334551,0.7465116279069768,0.8820754716981132,0.2122905027932961,0.19705284804668655,0.06732638974928458,0.1939327023006951,0.06626033995273749
SSD,South Sudan,4.0,1.3333333333333333,4,2021,2025,Sub-Saharan Africa,Low income,11943408.0,35349689171.3055,,0.8352707325147098,,0.8875739644970414,0.8343558282208589,0.7465116279069768,0.8726415094339622,,0.3349127820133081,0.11163759400443603,0.11315516752115974,0.03771838917371991
FRO,Faroe Islands,4.0,1.1666666666666665,4,2011,2024,Europe & Central Asia,High income,54681.0,23443943768.0378,0.85253,,,,,0.2232558139534883,0.9669811320754716,,73.15155172729102,21.335869253793213,0.17061975747669994,0.04976409593070414
NCL,New Caledonia,3.0,1.0833333333333333,3,2023,2025,East Asia & Pacific,High income,292639.0,125103143338.09,,0.5313653908778925,,0.4733727810650887,,0.4302325581395348,0.4481132075471698,0.7737430167597765,10.251538585082644,3.7019444890576216,0.023980212806424296,0.008659521291208774
PRY,Paraguay,3.0,1.0769230769230769,3,2025,2025,Latin America & Caribbean,Upper middle income,6929153.0,44458118399.6669,0.14117,0.5135391305835033,0.5135391305835033,0.4940828402366864,0.3340458164730453,0.6767441860465117,0.9622641509433962,0.1005586592178771,0.4329533494209177,0.15541915107417556,0.06747923906789716,0.0242233165884759
GUM,Guam,1.0,1.0,1,2024,2024,East Asia & Pacific,High income,167777.0,69100000000.0,0.2561,,,,,0.0976744186046511,0.0047169811320754,,5.960292531157429,5.960292531157429,0.01447178002894356,0.01447178002894356
SUR,Suriname,3.0,1.0,3,2014,2021,Latin America & Caribbean,Upper middle income,634431.0,4714267822.2233,,0.5963754806239591,0.5963754806239591,0.6568047337278107,0.5619207675238219,0.6767441860465117,0.9858490566037736,0.1005586592178771,4.728646614052592,1.5762155380175307,0.6363660515547815,0.21212201718492718
PYF,French Polynesia,3.0,1.0,3,2018,2020,East Asia & Pacific,High income,281807.0,6402221222.32749,,0.4349761369802446,,0.4319526627218935,,0.3162790697674418,0.0754716981132075,0.9162011173184358,10.645583679610514,3.5485278932035045,0.46858736926140887,0.15619578975380294
SLV,El Salvador,2.0,0.8333333333333333,2,2018,2022,Latin America & Caribbean,Upper middle income,6338193.0,35364960000.0,0.10152,0.5219951936738714,0.5219951936738714,0.5621301775147929,0.5477907583866336,0.6767441860465117,0.2311320754716981,0.5921787709497207,0.31554734922082683,0.1314780621753445,0.05655315317760857,0.02356381382400357
NIC,Nicaragua,2.0,0.75,2,2019,2019,Latin America & Caribbean,Lower middle income,6916140.0,19693982967.5926,0.10742,0.6876707259585789,0.6876707259585789,0.8047337278106509,0.6199745464038637,0.627906976744186,0.8773584905660378,0.5083798882681564,0.28917864589207276,0.10844199220952729,0.1015538605517785,0.03808269770691694
CAF,Central African Republic,2.0,0.6666666666666666,2,2017,2025,Sub-Saharan Africa,Low income,5330690.0,2751544520.37918,,0.7154018261957322,0.7154018261957322,0.940828402366864,0.5513640516903798,0.7465116279069768,0.9528301886792452,0.3854748603351955,0.3751859515372306,0.12506198384574352,0.7268644883581196,0.24228816278603982
GRL,Greenland,3.0,0.6499999999999999,3,2010,2022,Europe & Central Asia,High income,56836.0,3326544174.37945,0.64608,,,,,0.2906976744186046,0.8490566037735849,,52.783447110985996,11.43641354071363,0.9018368140443032,0.19539797637626566
GIN,Guinea,2.0,0.5714285714285714,2,2017,2025,Sub-Saharan Africa,Lower middle income,14754785.0,25334307878.737,,0.5628690517289485,0.5628690517289485,0.6982248520710059,0.4681340556063177,0.5720930232558139,0.6792452830188679,0.3966480446927374,0.1355492472441991,0.03872835635548545,0.07894433151965416,0.02255552329132976
COM,Comoros,1.0,0.5,1,2025,2025,Sub-Saharan Africa,Lower middle income,866628.0,1546164420.32442,,0.5018625511929059,0.5018625511929059,0.7810650887573964,0.395640255841274,0.5720930232558139,0.0566037735849056,0.7039106145251397,1.1538976354329653,0.5769488177164827,0.6467617459404333,0.32338087297021667
TLS,Timor-Leste,1.0,0.5,1,2021,2021,East Asia & Pacific,Lower middle income,1400638.0,1881265333.4187,,0.4937968712163961,0.4937968712163961,0.8224852071005917,0.4939710873254144,0.2697674418604651,0.3632075471698113,0.5195530726256983,0.713960352353713,0.3569801761768565,0.5315571292555344,0.2657785646277672
GUY,Guyana,1.0,0.5,1,2023,2023,Latin America & Caribbean,High income,831087.0,24835899825.8993,,0.4790398339239688,0.4790398339239688,0.1893491124260355,0.4219749379976504,0.4860465116279069,0.9905660377358492,0.3072625698324022,1.203243463079076,0.601621731539538,0.040264295113526874,0.020132147556763437
TJK,Tajikistan,1.0,0.5,1,2025,2025,Europe & Central Asia,Lower middle income,10590927.0,14204575548.5536,0.08969,0.4336801192155802,0.4336801192155802,0.621301775147929,0.4160194491580734,0.4,0.1556603773584905,0.5754189944134078,0.09442044119461876,0.04721022059730938,0.07039985084959657,0.03519992542479829
SWZ,Eswatini,1.0,0.5,1,2025,2025,Sub-Saharan Africa,Lower middle income,1242822.0,4891883720.15742,0.27807,0.6110259170351179,0.6110259170351179,0.7633136094674556,0.4998694687377627,0.5720930232558139,0.5801886792452831,0.6396648044692738,0.8046204524863577,0.40231022624317886,0.2044202309796154,0.1022101154898077
VUT,Vanuatu,1.0,0.5,1,2016,2016,East Asia & Pacific,Lower middle income,327777.0,1161251868.03498,,0.7208356363903659,0.7208356363903659,0.6035502958579881,0.7745888265239524,0.9604651162790696,0.3018867924528302,0.9636871508379888,3.0508546969433485,1.5254273484716743,0.86113962657572,0.43056981328786
LBR,Liberia,1.0,0.5,1,2025,2025,Sub-Saharan Africa,Low income,5612817.0,4750000000.0,,0.7195017669265413,0.7195017669265413,0.9526627218934912,0.545351455423574,0.7465116279069768,0.7216981132075472,0.6312849162011173,0.17816365650260824,0.08908182825130412,0.21052631578947367,0.10526315789473684
GRD,Grenada,1.0,0.5,1,2021,2021,Latin America & Caribbean,Upper middle income,117207.0,1391435992.59259,,0.5961525953612296,,,0.5319148936170213,0.6767441860465117,0.2122641509433962,0.9636871508379888,8.531913622906481,4.265956811453241,0.7186819985422054,0.3593409992711027
MCO,Monaco,2.0,0.41025641025641024,2,2018,2023,Europe & Central Asia,High income,38631.0,59972103282.73,0.03821,,,,,0.3162790697674418,0.0094339622641509,,51.77189303926898,10.619875495234663,0.03334883871875033,0.006840787429487247
JAM,Jamaica,4.0,0.3766233766233766,4,2024,2025,Latin America & Caribbean,Upper middle income,2839175.0,19930288337.028,0.06096,0.5626229964504071,0.5626229964504071,0.6153846153846154,0.4372634120871949,0.4,0.4386792452830189,0.9217877094972068,1.4088599681245433,0.13265239959614203,0.20069955498679348,0.0188970360214838
GIB,Gibraltar,2.0,0.3666666666666667,2,2024,2025,Europe & Central Asia,High income,39329.0,,,,,,,0.3441860465116279,0.7028301886792453,,50.85306008289049,9.32306101519659,,
XKX,Kosovo,1.0,0.3333333333333333,1,2025,2025,Europe & Central Asia,Upper middle income,1594353.0,11148602232.663,,,,,,,,,0.6272136722545132,0.20907122408483772,0.08969734314048947,0.02989911438016315
BHS,"Bahamas, The",1.0,0.25,1,2024,2024,Latin America & Caribbean,High income,401283.0,15832800000.0,,0.7591913531300704,,,0.9042553191489362,0.4860465116279069,0.7358490566037735,0.9106145251396648,2.492006887907038,0.6230017219767595,0.06316002223232783,0.01579000555808196
KIR,Kiribati,1.0,0.25,1,2024,2024,East Asia & Pacific,Lower middle income,134518.0,307862546.789627,,0.4457485022103599,0.4457485022103599,0.4437869822485207,0.7509137188356612,0.1372093023255814,0.0141509433962264,0.88268156424581,7.43394935993696,1.85848733998424,3.2482028438598416,0.8120507109649604
GAB,Gabon,2.0,0.24285714285714285,2,2018,2024,Sub-Saharan Africa,Upper middle income,2538952.0,20867044935.6729,0.57924,0.7122791392019634,0.7122791392019634,0.9171597633136096,0.4309489622764652,0.627906976744186,0.7641509433962265,0.8212290502793296,0.7877265895534851,0.09565251444578032,0.09584490789977329,0.011638310244972472
DMA,Dominica,1.0,0.2,1,2024,2024,Latin America & Caribbean,Upper middle income,66205.0,688881481.481481,,0.6403315337678602,0.6403315337678602,0.4201183431952662,0.8297872340425532,0.6767441860465117,0.3113207547169811,0.9636871508379888,15.104599350502228,3.020919870100446,1.4516285121345402,0.290325702426908
SYC,Seychelles,1.0,0.14285714285714285,1,2019,2019,Sub-Saharan Africa,High income,121354.0,2167239562.46013,0.2017,0.5139265214733614,0.5139265214733614,0.1893491124260355,0.3140745333507375,0.9953488372093025,0.2216981132075471,0.8491620111731844,8.240354664864775,1.1771935235521107,0.46141645682439253,0.06591663668919892
