unep_region,m49_code,unep_country,household_food_waste_kg_capita,household_food_waste_tonnes_year,household_food_waste_confidence,household_food_waste_source
Australia and New Zealand,36,Australia,98,2559065.0,High confidence,UNEP Food Waste Index Report 2024 Annex 3
Australia and New Zealand,554,New Zealand,61,316590.0,High confidence,UNEP Food Waste Index Report 2024 Annex 3
Central Asia,398,Kazakhstan,88,1708990.0,Very low confidence,UNEP Food Waste Index Report 2024 Annex 3
Central Asia,417,Kyrgyzstan,86,568288.0,Very low confidence,UNEP Food Waste Index Report 2024 Annex 3
Central Asia,762,Tajikistan,86,852861.0,Very low confidence,UNEP Food Waste Index Report 2024 Annex 3
Central Asia,795,Turkmenistan,88,566433.0,Very low confidence,UNEP Food Waste Index Report 2024 Annex 3
Central Asia,860,Uzbekistan,86,2968299.0,Very low confidence,UNEP Food Waste Index Report 2024 Annex 3
Eastern Asia,156,China,76,108667369.0,Medium confidence,UNEP Food Waste Index Report 2024 Annex 3
Eastern Asia,344,"China, Hong Kong SAR",101,759923.0,Medium confidence,UNEP Food Waste Index Report 2024 Annex 3
Eastern Asia,446,China Macao SAR,76,53016.0,Low confidence,UNEP Food Waste Index Report 2024 Annex 3
Eastern Asia,408,Democratic People’s Republic of Korea,81,2104855.0,Low confidence,UNEP Food Waste Index Report 2024 Annex 3
Eastern Asia,392,Japan,60,7398006.0,High confidence,UNEP Food Waste Index Report 2024 Annex 3
Eastern Asia,496,Mongolia,18,60364.0,Medium confidence,UNEP Food Waste Index Report 2024 Annex 3
Eastern Asia,410,Republic of Korea,95,4921086.0,Medium confidence,UNEP Food Waste Index Report 2024 Annex 3
Eastern Europe,112,Belarus,71,674104.0,Low confidence,UNEP Food Waste Index Report 2024 Annex 3
Eastern Europe,100,Bulgaria,26,176280.0,Eurostat,UNEP Food Waste Index Report 2024 Annex 3
Eastern Europe,203,Czechia,69,723810.0,Eurostat,UNEP Food Waste Index Report 2024 Annex 3
Eastern Europe,348,Hungary,66,658020.0,Eurostat,UNEP Food Waste Index Report 2024 Annex 3
Eastern Europe,616,Poland,60,2391600.0,Eurostat,UNEP Food Waste Index Report 2024 Annex 3
Eastern Europe,498,Republic of Moldova,71,231061.0,Low confidence,UNEP Food Waste Index Report 2024 Annex 3
Eastern Europe,642,Romania,67,1323991.0,Low confidence,UNEP Food Waste Index Report 2024 Annex 3
Eastern Europe,643,Russian Federation,33,4829772.0,Medium confidence,UNEP Food Waste Index Report 2024 Annex 3
Eastern Europe,703,Slovakia,65,366600.0,Eurostat,UNEP Food Waste Index Report 2024 Annex 3
Eastern Europe,804,Ukraine,69,2758037.0,Low confidence,UNEP Food Waste Index Report 2024 Annex 3
Latin America and the Caribbean,660,Anguilla,95,1892.0,Very low confidence,UNEP Food Waste Index Report 2024 Annex 3
Latin America and the Caribbean,28,Antigua and Barbuda,88,7922.0,Low confidence,UNEP Food Waste Index Report 2024 Annex 3
Latin America and the Caribbean,32,Argentina,91,4156798.0,Low confidence,UNEP Food Waste Index Report 2024 Annex 3
Latin America and the Caribbean,533,Aruba,88,9682.0,Low confidence,UNEP Food Waste Index Report 2024 Annex 3
Latin America and the Caribbean,44,Bahamas,88,36089.0,Low confidence,UNEP Food Waste Index Report 2024 Annex 3
Latin America and the Caribbean,52,Barbados,88,24646.0,Low confidence,UNEP Food Waste Index Report 2024 Annex 3
Latin America and the Caribbean,84,Belize,53,21596.0,Medium confidence,UNEP Food Waste Index Report 2024 Annex 3
Latin America and the Caribbean,68,Bolivia (Plurinational State of),90,1101625.0,Low confidence,UNEP Food Waste Index Report 2024 Annex 3
Latin America and the Caribbean,535,"Bonaire, St. Eustatius & Saba",95,2838.0,Very low confidence,UNEP Food Waste Index Report 2024 Annex 3
Latin America and the Caribbean,76,Brazil,94,20289630.0,Medium confidence,UNEP Food Waste Index Report 2024 Annex 3
Latin America and the Caribbean,92,British Virgin Islands,88,2641.0,Low confidence,UNEP Food Waste Index Report 2024 Annex 3
Latin America and the Caribbean,136,Cayman Islands,88,6162.0,Low confidence,UNEP Food Waste Index Report 2024 Annex 3
Latin America and the Caribbean,152,Chile,88,1725226.0,Low confidence,UNEP Food Waste Index Report 2024 Annex 3
Latin America and the Caribbean,170,Colombia,70,3653302.0,Medium confidence,UNEP Food Waste Index Report 2024 Annex 3
Latin America and the Caribbean,188,Costa Rica,91,473131.0,Low confidence,UNEP Food Waste Index Report 2024 Annex 3
Latin America and the Caribbean,192,Cuba,91,1023900.0,Low confidence,UNEP Food Waste Index Report 2024 Annex 3
Latin America and the Caribbean,531,Curaçao,88,16724.0,Low confidence,UNEP Food Waste Index Report 2024 Annex 3
Latin America and the Caribbean,212,Dominica,91,6394.0,Low confidence,UNEP Food Waste Index Report 2024 Annex 3
Latin America and the Caribbean,214,Dominican Republic,160,1799544.0,Medium confidence,UNEP Food Waste Index Report 2024 Annex 3
Latin America and the Caribbean,218,Ecuador,96,1727535.0,Medium confidence,UNEP Food Waste Index Report 2024 Annex 3
Latin America and the Caribbean,222,El Salvador,91,579084.0,Low confidence,UNEP Food Waste Index Report 2024 Annex 3
Latin America and the Caribbean,238,Falkland Islands (Malvinas),95,,Very low confidence,UNEP Food Waste Index Report 2024 Annex 3
Latin America and the Caribbean,254,French Guiana,95,28375.0,Very low confidence,UNEP Food Waste Index Report 2024 Annex 3
Latin America and the Caribbean,308,Grenada,91,11874.0,Low confidence,UNEP Food Waste Index Report 2024 Annex 3
Latin America and the Caribbean,312,Guadeloupe,95,37834.0,Very low confidence,UNEP Food Waste Index Report 2024 Annex 3
Latin America and the Caribbean,320,Guatemala,91,1629472.0,Low confidence,UNEP Food Waste Index Report 2024 Annex 3
Latin America and the Caribbean,328,Guyana,88,71298.0,Low confidence,UNEP Food Waste Index Report 2024 Annex 3
Latin America and the Caribbean,332,Haiti,90,1044831.0,Low confidence,UNEP Food Waste Index Report 2024 Annex 3
Latin America and the Caribbean,340,Honduras,90,940257.0,Low confidence,UNEP Food Waste Index Report 2024 Annex 3
Latin America and the Caribbean,388,Jamaica,86,243364.0,High confidence,UNEP Food Waste Index Report 2024 Annex 3
Latin America and the Caribbean,474,Martinique,95,34996.0,Very low confidence,UNEP Food Waste Index Report 2024 Annex 3
Latin America and the Caribbean,484,Mexico,105,13368447.0,Medium confidence,UNEP Food Waste Index Report 2024 Annex 3
Latin America and the Caribbean,500,Montserrat,95,,Very low confidence,UNEP Food Waste Index Report 2024 Annex 3
Latin America and the Caribbean,558,Nicaragua,90,626538.0,Low confidence,UNEP Food Waste Index Report 2024 Annex 3
Latin America and the Caribbean,591,Panama,101,445347.0,Medium confidence,UNEP Food Waste Index Report 2024 Annex 3
Latin America and the Caribbean,600,Paraguay,91,619272.0,Low confidence,UNEP Food Waste Index Report 2024 Annex 3
Latin America and the Caribbean,604,Peru,88,2983735.0,Medium confidence,UNEP Food Waste Index Report 2024 Annex 3
Latin America and the Caribbean,630,Puerto Rico,88,286071.0,Low confidence,UNEP Food Waste Index Report 2024 Annex 3
Latin America and the Caribbean,652,Saint Barthélemy,95,946.0,Very low confidence,UNEP Food Waste Index Report 2024 Annex 3
Latin America and the Caribbean,659,Saint Kitts and Nevis,88,4401.0,Low confidence,UNEP Food Waste Index Report 2024 Annex 3
Latin America and the Caribbean,662,Saint Lucia,91,16441.0,Low confidence,UNEP Food Waste Index Report 2024 Annex 3
Latin America and the Caribbean,663,Saint Martin (French part),88,2641.0,Low confidence,UNEP Food Waste Index Report 2024 Annex 3
Latin America and the Caribbean,670,Saint Vincent & Grenadines,91,9134.0,Low confidence,UNEP Food Waste Index Report 2024 Annex 3
Latin America and the Caribbean,534,Sint Maarten (Dutch part),88,3521.0,Low confidence,UNEP Food Waste Index Report 2024 Annex 3
Latin America and the Caribbean,740,Suriname,91,56630.0,Low confidence,UNEP Food Waste Index Report 2024 Annex 3
Latin America and the Caribbean,780,Trinidad and Tobago,88,134673.0,Low confidence,UNEP Food Waste Index Report 2024 Annex 3
Latin America and the Caribbean,796,Turks and Caicos Islands,88,4401.0,Low confidence,UNEP Food Waste Index Report 2024 Annex 3
Latin America and the Caribbean,850,United States Virgin Islands,88,8802.0,Low confidence,UNEP Food Waste Index Report 2024 Annex 3
Latin America and the Caribbean,858,Uruguay,88,301034.0,Low confidence,UNEP Food Waste Index Report 2024 Annex 3
Latin America and the Caribbean,862,Venezuela,93,2626859.0,Medium confidence,UNEP Food Waste Index Report 2024 Annex 3
Melanesia,242,Fiji,90,83945.0,Very low confidence,UNEP Food Waste Index Report 2024 Annex 3
Melanesia,540,New Caledonia,87,25215.0,Very low confidence,UNEP Food Waste Index Report 2024 Annex 3
Melanesia,598,Papua New Guinea,89,903213.0,Very low confidence,UNEP Food Waste Index Report 2024 Annex 3
Melanesia,90,Solomon Islands,43,31242.0,Medium confidence,UNEP Food Waste Index Report 2024 Annex 3
Melanesia,548,Vanuatu,141,46687.0,Medium confidence,UNEP Food Waste Index Report 2024 Annex 3
Micronesia,316,Guam,60,10173.0,Very low confidence,UNEP Food Waste Index Report 2024 Annex 3
Micronesia,296,Kiribati,62,8056.0,Very low confidence,UNEP Food Waste Index Report 2024 Annex 3
Micronesia,584,Marshall Islands,63,2526.0,Very low confidence,UNEP Food Waste Index Report 2024 Annex 3
Micronesia,583,Micronesia (Fed. States of),38,4205.0,Medium confidence,UNEP Food Waste Index Report 2024 Annex 3
Micronesia,520,Nauru,60,598.0,Very low confidence,UNEP Food Waste Index Report 2024 Annex 3
Micronesia,580,Northern Mariana Islands,60,2992.0,Very low confidence,UNEP Food Waste Index Report 2024 Annex 3
Micronesia,585,Palau,63,1263.0,Very low confidence,UNEP Food Waste Index Report 2024 Annex 3
Northern Africa,12,Algeria,113,5057909.0,Very low confidence,UNEP Food Waste Index Report 2024 Annex 3
Northern Africa,818,Egypt,163,18085437.0,Medium confidence,UNEP Food Waste Index Report 2024 Annex 3
Northern Africa,434,Libya,84,572937.0,Medium confidence,UNEP Food Waste Index Report 2024 Annex 3
Northern Africa,504,Morocco,113,4219805.0,Very low confidence,UNEP Food Waste Index Report 2024 Annex 3
Northern Africa,729,Sudan,116,5414527.0,Very low confidence,UNEP Food Waste Index Report 2024 Annex 3
Northern Africa,788,Tunisia,172,2121810.0,Medium confidence,UNEP Food Waste Index Report 2024 Annex 3
Northern Africa,732,Western Sahara,140,80958.0,Very low confidence,UNEP Food Waste Index Report 2024 Annex 3
Northern America,60,Bermuda,79,4718.0,Very low confidence,UNEP Food Waste Index Report 2024 Annex 3
Northern America,124,Canada,79,3019925.0,High confidence,UNEP Food Waste Index Report 2024 Annex 3
Northern America,304,Greenland,79,4718.0,Very low confidence,UNEP Food Waste Index Report 2024 Annex 3
Northern America,666,Saint Pierre and Miquelon,76,758.0,Very low confidence,UNEP Food Waste Index Report 2024 Annex 3
Northern America,840,United States of America,73,24716539.0,High confidence,UNEP Food Waste Index Report 2024 Annex 3
Northern Europe,208,Denmark,79,464520.0,Eurostat,UNEP Food Waste Index Report 2024 Annex 3
Northern Europe,233,Estonia,61,81130.0,Eurostat,UNEP Food Waste Index Report 2024 Annex 3
Northern Europe,234,Faroe Islands,75,3768.0,Low confidence,UNEP Food Waste Index Report 2024 Annex 3
Northern Europe,246,Finland,53,293620.0,Eurostat,UNEP Food Waste Index Report 2024 Annex 3
Northern Europe,352,Iceland,75,27886.0,Low confidence,UNEP Food Waste Index Report 2024 Annex 3
Northern Europe,372,Ireland,48,240960.0,Eurostat,UNEP Food Waste Index Report 2024 Annex 3
Northern Europe,833,Isle of Man,75,6029.0,Low confidence,UNEP Food Waste Index Report 2024 Annex 3
Northern Europe,428,Latvia,82,151700.0,Eurostat,UNEP Food Waste Index Report 2024 Annex 3
Northern Europe,440,Lithuania,86,236500.0,Eurostat,UNEP Food Waste Index Report 2024 Annex 3
Northern Europe,578,Norway,78,423540.0,Eurostat,UNEP Food Waste Index Report 2024 Annex 3
Northern Europe,752,Sweden,61,643550.0,Eurostat,UNEP Food Waste Index Report 2024 Annex 3
Northern Europe,826,United Kingdom,76,5097005.0,High confidence,UNEP Food Waste Index Report 2024 Annex 3
Polynesia,16,American Samoa,81,3258.0,Very low confidence,UNEP Food Waste Index Report 2024 Annex 3
Polynesia,184,Cook Islands,86,1724.0,Very low confidence,UNEP Food Waste Index Report 2024 Annex 3
Polynesia,258,French Polynesia,81,25252.0,Very low confidence,UNEP Food Waste Index Report 2024 Annex 3
Polynesia,570,Niue,86,,Very low confidence,UNEP Food Waste Index Report 2024 Annex 3
Polynesia,882,Samoa,86,18857.0,Very low confidence,UNEP Food Waste Index Report 2024 Annex 3
Polynesia,772,Tokelau,86,,Very low confidence,UNEP Food Waste Index Report 2024 Annex 3
Polynesia,776,Tonga,88,9690.0,Very low confidence,UNEP Food Waste Index Report 2024 Annex 3
Polynesia,798,Tuvalu,88,881.0,Very low confidence,UNEP Food Waste Index Report 2024 Annex 3
Polynesia,876,Wallis and Futuna Islands,86,862.0,Very low confidence,UNEP Food Waste Index Report 2024 Annex 3
South-eastern Asia,96,Brunei Darussalam,76,34109.0,Low confidence,UNEP Food Waste Index Report 2024 Annex 3
South-eastern Asia,116,Cambodia,85,1419831.0,Medium confidence,UNEP Food Waste Index Report 2024 Annex 3
South-eastern Asia,360,Indonesia,53,14728364.0,Medium confidence,UNEP Food Waste Index Report 2024 Annex 3
South-eastern Asia,418,Lao People’s Dem. Rep.,89,673831.0,Medium confidence,UNEP Food Waste Index Report 2024 Annex 3
South-eastern Asia,458,Malaysia,81,2754808.0,Medium confidence,UNEP Food Waste Index Report 2024 Annex 3
South-eastern Asia,104,Myanmar,78,4221946.0,Low confidence,UNEP Food Waste Index Report 2024 Annex 3
South-eastern Asia,608,Philippines,26,2954580.0,Medium confidence,UNEP Food Waste Index Report 2024 Annex 3
South-eastern Asia,702,Singapore,68,409182.0,Medium confidence,UNEP Food Waste Index Report 2024 Annex 3
South-eastern Asia,764,Thailand,86,6180468.0,Medium confidence,UNEP Food Waste Index Report 2024 Annex 3
South-eastern Asia,626,Timor-Leste,78,104419.0,Low confidence,UNEP Food Waste Index Report 2024 Annex 3
South-eastern Asia,704,Viet Nam,72,7079811.0,Medium confidence,UNEP Food Waste Index Report 2024 Annex 3
Southern Asia,4,Afghanistan,127,5229654.0,Medium confidence,UNEP Food Waste Index Report 2024 Annex 3
Southern Asia,50,Bangladesh,82,14101956.0,Medium confidence,UNEP Food Waste Index Report 2024 Annex 3
Southern Asia,64,Bhutan,19,15072.0,High confidence,UNEP Food Waste Index Report 2024 Annex 3
Southern Asia,356,India,55,78192338.0,Medium confidence,UNEP Food Waste Index Report 2024 Annex 3
Southern Asia,364,Iran (Islamic Republic of),93,8208360.0,Low confidence,UNEP Food Waste Index Report 2024 Annex 3
Southern Asia,462,Maldives,207,107877.0,Medium confidence,UNEP Food Waste Index Report 2024 Annex 3
Southern Asia,524,Nepal,93,2831907.0,Low confidence,UNEP Food Waste Index Report 2024 Annex 3
Southern Asia,586,Pakistan,130,30754726.0,Medium confidence,UNEP Food Waste Index Report 2024 Annex 3
Southern Asia,144,Sri Lanka,76,1656148.0,Medium confidence,UNEP Food Waste Index Report 2024 Annex 3
Southern Europe,8,Albania,86,243657.0,Low confidence,UNEP Food Waste Index Report 2024 Annex 3
Southern Europe,20,Andorra,82,6598.0,Low confidence,UNEP Food Waste Index Report 2024 Annex 3
Southern Europe,70,Bosnia and Herzegovina,86,277117.0,Low confidence,UNEP Food Waste Index Report 2024 Annex 3
Southern Europe,191,Croatia,53,213590.0,Eurostat,UNEP Food Waste Index Report 2024 Annex 3
Southern Europe,292,Gibraltar,82,2474.0,Low confidence,UNEP Food Waste Index Report 2024 Annex 3
Southern Europe,300,Greece,87,903930.0,Eurostat,UNEP Food Waste Index Report 2024 Annex 3
Southern Europe,336,Holy See,83,,Very low confidence,UNEP Food Waste Index Report 2024 Annex 3
Southern Europe,380,Italy,107,6317280.0,Eurostat,UNEP Food Waste Index Report 2024 Annex 3
Southern Europe,470,Malta,92,48760.0,Eurostat,UNEP Food Waste Index Report 2024 Annex 3
Southern Europe,499,Montenegro,86,54051.0,Low confidence,UNEP Food Waste Index Report 2024 Annex 3
Southern Europe,807,North Macedonia,86,179311.0,Low confidence,UNEP Food Waste Index Report 2024 Annex 3
Southern Europe,620,Portugal,124,1273480.0,Eurostat,UNEP Food Waste Index Report 2024 Annex 3
Southern Europe,674,San Marino,82,2474.0,Low confidence,UNEP Food Waste Index Report 2024 Annex 3
Southern Europe,688,Serbia,108,780482.0,Medium confidence,UNEP Food Waste Index Report 2024 Annex 3
Southern Europe,705,Slovenia,36,76320.0,Eurostat,UNEP Food Waste Index Report 2024 Annex 3
Southern Europe,724,Spain,61,2895272.0,Eurostat,UNEP Food Waste Index Report 2024 Annex 3
Sub-Saharan Africa,24,Angola,89,3171950.0,Low confidence,UNEP Food Waste Index Report 2024 Annex 3
Sub-Saharan Africa,204,Benin,89,1189816.0,Low confidence,UNEP Food Waste Index Report 2024 Annex 3
Sub-Saharan Africa,72,Botswana,50,132594.0,Medium confidence,UNEP Food Waste Index Report 2024 Annex 3
Sub-Saharan Africa,854,Burkina Faso,92,2085610.0,Low confidence,UNEP Food Waste Index Report 2024 Annex 3
Sub-Saharan Africa,108,Burundi,92,1185863.0,Low confidence,UNEP Food Waste Index Report 2024 Annex 3
Sub-Saharan Africa,132,Cabo Verde,89,52584.0,Low confidence,UNEP Food Waste Index Report 2024 Annex 3
Sub-Saharan Africa,120,Cameroon,89,2487472.0,Low confidence,UNEP Food Waste Index Report 2024 Annex 3
Sub-Saharan Africa,140,Central African Republic,92,513353.0,Low confidence,UNEP Food Waste Index Report 2024 Annex 3
Sub-Saharan Africa,148,Chad,92,1630217.0,Low confidence,UNEP Food Waste Index Report 2024 Annex 3
Sub-Saharan Africa,174,Comoros,89,74865.0,Low confidence,UNEP Food Waste Index Report 2024 Annex 3
Sub-Saharan Africa,178,Congo,89,532075.0,Low confidence,UNEP Food Waste Index Report 2024 Annex 3
Sub-Saharan Africa,384,Côte d’Ivoire,89,2509753.0,Low confidence,UNEP Food Waste Index Report 2024 Annex 3
Sub-Saharan Africa,180,Dem. Rep. of the Congo,62,6147778.0,Medium confidence,UNEP Food Waste Index Report 2024 Annex 3
Sub-Saharan Africa,262,Djibouti,89,99820.0,Low confidence,UNEP Food Waste Index Report 2024 Annex 3
Sub-Saharan Africa,226,Equatorial Guinea,90,150824.0,Low confidence,UNEP Food Waste Index Report 2024 Annex 3
Sub-Saharan Africa,232,Eritrea,92,338555.0,Low confidence,UNEP Food Waste Index Report 2024 Annex 3
Sub-Saharan Africa,748,Eswatini,89,106950.0,Low confidence,UNEP Food Waste Index Report 2024 Annex 3
Sub-Saharan Africa,231,Ethiopia,69,8543382.0,Medium confidence,UNEP Food Waste Index Report 2024 Annex 3
Sub-Saharan Africa,266,Gabon,90,215849.0,Low confidence,UNEP Food Waste Index Report 2024 Annex 3
Sub-Saharan Africa,270,Gambia,92,249316.0,Low confidence,UNEP Food Waste Index Report 2024 Annex 3
Sub-Saharan Africa,288,Ghana,84,2812571.0,High confidence,UNEP Food Waste Index Report 2024 Annex 3
Sub-Saharan Africa,324,Guinea,89,1235269.0,Low confidence,UNEP Food Waste Index Report 2024 Annex 3
Sub-Saharan Africa,624,Guinea-Bissau,92,194117.0,Low confidence,UNEP Food Waste Index Report 2024 Annex 3
Sub-Saharan Africa,404,Kenya,81,4351168.0,Medium confidence,UNEP Food Waste Index Report 2024 Annex 3
Sub-Saharan Africa,426,Lesotho,89,205878.0,Low confidence,UNEP Food Waste Index Report 2024 Annex 3
Sub-Saharan Africa,430,Liberia,92,487593.0,Low confidence,UNEP Food Waste Index Report 2024 Annex 3
Sub-Saharan Africa,450,Madagascar,92,2724081.0,Low confidence,UNEP Food Waste Index Report 2024 Annex 3
Sub-Saharan Africa,454,Malawi,92,1877693.0,Low confidence,UNEP Food Waste Index Report 2024 Annex 3
Sub-Saharan Africa,466,Mali,92,2078251.0,Low confidence,UNEP Food Waste Index Report 2024 Annex 3
Sub-Saharan Africa,478,Mauritania,89,422451.0,Low confidence,UNEP Food Waste Index Report 2024 Annex 3
Sub-Saharan Africa,480,Mauritius,90,117408.0,Low confidence,UNEP Food Waste Index Report 2024 Annex 3
Sub-Saharan Africa,175,Mayotte,93,30536.0,Very low confidence,UNEP Food Waste Index Report 2024 Annex 3
Sub-Saharan Africa,508,Mozambique,92,3033197.0,Low confidence,UNEP Food Waste Index Report 2024 Annex 3
Sub-Saharan Africa,516,Namibia,90,232106.0,Low confidence,UNEP Food Waste Index Report 2024 Annex 3
Sub-Saharan Africa,562,Niger,92,2411286.0,Low confidence,UNEP Food Waste Index Report 2024 Annex 3
Sub-Saharan Africa,566,Nigeria,113,24791826.0,Medium confidence,UNEP Food Waste Index Report 2024 Annex 3
Sub-Saharan Africa,638,Réunion,93,89759.0,Very low confidence,UNEP Food Waste Index Report 2024 Annex 3
Sub-Saharan Africa,646,Rwanda,141,1937761.0,Medium confidence,UNEP Food Waste Index Report 2024 Annex 3
Sub-Saharan Africa,654,Saint Helena,93,925.0,Very low confidence,UNEP Food Waste Index Report 2024 Annex 3
Sub-Saharan Africa,678,Sao Tome and Principe,89,20499.0,Low confidence,UNEP Food Waste Index Report 2024 Annex 3
Sub-Saharan Africa,686,Senegal,77,1328487.0,Medium confidence,UNEP Food Waste Index Report 2024 Annex 3
Sub-Saharan Africa,690,Seychelles,183,20089.0,Medium confidence,UNEP Food Waste Index Report 2024 Annex 3
Sub-Saharan Africa,694,Sierra Leone,92,792109.0,Low confidence,UNEP Food Waste Index Report 2024 Annex 3
Sub-Saharan Africa,706,Somalia,92,1619177.0,Low confidence,UNEP Food Waste Index Report 2024 Annex 3
Sub-Saharan Africa,710,South Africa,47,2819981.0,Medium confidence,UNEP Food Waste Index Report 2024 Annex 3
Sub-Saharan Africa,728,South Sudan,92,1003706.0,Low confidence,UNEP Food Waste Index Report 2024 Annex 3
Sub-Saharan Africa,768,Togo,92,814188.0,Low confidence,UNEP Food Waste Index Report 2024 Annex 3
Sub-Saharan Africa,800,Uganda,110,5209076.0,Medium confidence,UNEP Food Waste Index Report 2024 Annex 3
Sub-Saharan Africa,834,United Rep. of Tanzania,152,9960496.0,Medium confidence,UNEP Food Waste Index Report 2024 Annex 3
Sub-Saharan Africa,894,Zambia,78,1559958.0,Medium confidence,UNEP Food Waste Index Report 2024 Annex 3
Sub-Saharan Africa,716,Zimbabwe,48,791249.0,Medium confidence,UNEP Food Waste Index Report 2024 Annex 3
Western Asia,51,Armenia,102,283222.0,Low confidence,UNEP Food Waste Index Report 2024 Annex 3
Western Asia,31,Azerbaijan,102,1055462.0,Low confidence,UNEP Food Waste Index Report 2024 Annex 3
Western Asia,48,Bahrain,132,193612.0,Medium confidence,UNEP Food Waste Index Report 2024 Annex 3
Western Asia,196,Cyprus,71,88750.0,Eurostat,UNEP Food Waste Index Report 2024 Annex 3
Western Asia,268,Georgia,101,377643.0,Medium confidence,UNEP Food Waste Index Report 2024 Annex 3
Western Asia,368,Iraq,143,6378198.0,Medium confidence,UNEP Food Waste Index Report 2024 Annex 3
Western Asia,376,Israel,97,874433.0,Medium confidence,UNEP Food Waste Index Report 2024 Annex 3
Western Asia,400,Jordan,101,1136788.0,Low confidence,UNEP Food Waste Index Report 2024 Annex 3
Western Asia,414,Kuwait,99,420861.0,Low confidence,UNEP Food Waste Index Report 2024 Annex 3
Western Asia,422,Lebanon,128,701828.0,Medium confidence,UNEP Food Waste Index Report 2024 Annex 3
Western Asia,512,Oman,99,451415.0,Low confidence,UNEP Food Waste Index Report 2024 Annex 3
Western Asia,634,Qatar,93,250830.0,High confidence,UNEP Food Waste Index Report 2024 Annex 3
Western Asia,682,Saudi Arabia,105,3818681.0,High confidence,UNEP Food Waste Index Report 2024 Annex 3
Western Asia,275,State of Palestine,102,534863.0,Low confidence,UNEP Food Waste Index Report 2024 Annex 3
Western Asia,760,Syrian Arab Republic,172,3798032.0,Medium confidence,UNEP Food Waste Index Report 2024 Annex 3
Western Asia,792,Türkiye,102,8694318.0,Low confidence,UNEP Food Waste Index Report 2024 Annex 3
Western Asia,784,United Arab Emirates,99,930427.0,Low confidence,UNEP Food Waste Index Report 2024 Annex 3
Western Asia,887,Yemen,104,3490097.0,Low confidence,UNEP Food Waste Index Report 2024 Annex 3
Western Europe,40,Austria,83,742020.0,Eurostat,UNEP Food Waste Index Report 2024 Annex 3
Western Europe,56,Belgium,71,827860.0,Eurostat,UNEP Food Waste Index Report 2024 Annex 3
Western Europe,250,France,61,3942430.0,Eurostat,UNEP Food Waste Index Report 2024 Annex 3
Western Europe,276,Germany,78,6502860.0,Eurostat,UNEP Food Waste Index Report 2024 Annex 3
Western Europe,438,Liechtenstein,81,3235.0,Low confidence,UNEP Food Waste Index Report 2024 Annex 3
Western Europe,442,Luxembourg,91,59150.0,Eurostat,UNEP Food Waste Index Report 2024 Annex 3
Western Europe,492,Monaco,81,3235.0,Low confidence,UNEP Food Waste Index Report 2024 Annex 3
Western Europe,528,Netherlands,59,1036040.0,Eurostat,UNEP Food Waste Index Report 2024 Annex 3
Western Europe,756,Switzerland,119,1041879.0,Medium confidence,UNEP Food Waste Index Report 2024 Annex 3
